ID, Name,PhotoUrl
317196751,Lucas Brown,https://randomuser.me/api/portraits/men/38.jpg
698328099,Manuel Perkins,https://randomuser.me/api/portraits/men/56.jpg
466384485,Roberto Murray,https://randomuser.me/api/portraits/men/24.jpg
395223556,Brent Davis,https://randomuser.me/api/portraits/men/79.jpg
558305908,Brandy Alvarez,https://randomuser.me/api/portraits/women/35.jpg
625376442,Roberta Robertson,https://randomuser.me/api/portraits/women/28.jpg
944150616,Joanne Tucker,https://randomuser.me/api/portraits/women/75.jpg
486629903,Ritthy Nelson,https://randomuser.me/api/portraits/men/80.jpg
526755127,Bella Rodriquez,https://randomuser.me/api/portraits/women/18.jpg
670602672,Kitty Flores,https://randomuser.me/api/portraits/women/7.jpg
